Person1,LastName1,29
Person2,LastName2,16
Person3,LastName3,0
Person4,LastName4,14
Person5,LastName5,18
Person6,LastName6,0
Person7,LastName7,20
Person8,LastName8,30
Person9,LastName9,13
Person10,LastName10,16
Person11,LastName11,3
Person12,LastName12,6
Person13,LastName13,17
Person14,LastName14,14
Person15,LastName15,0
Person16,LastName16,3
Person17,LastName17,20
Person18,LastName18,6
Person19,LastName19,17
Person20,LastName20,10
Person21,LastName21,26
Person22,LastName22,6
Person23,LastName23,10
Person24,LastName24,9
Person25,LastName25,31
Person26,LastName26,27
Person27,LastName27,12
Person28,LastName28,11
Person29,LastName29,20
Person30,LastName30,33
Person31,LastName31,5
Person32,LastName32,17
Person33,LastName33,16
Person34,LastName34,28
Person35,LastName35,21
Person36,LastName36,33
Person37,LastName37,22
Person38,LastName38,16
Person39,LastName39,9
Person40,LastName40,15
Person41,LastName41,17
Person42,LastName42,6
Person43,LastName43,4
Person44,LastName44,8
Person45,LastName45,9
Person46,LastName46,30
Person47,LastName47,32
Person48,LastName48,15
Person49,LastName49,13
Person50,LastName50,18
Person51,LastName51,12
Person52,LastName52,15
Person53,LastName53,0
Person54,LastName54,23
Person55,LastName55,29
Person56,LastName56,31
Person57,LastName57,18
Person58,LastName58,18
Person59,LastName59,13
Person60,LastName60,21
Person61,LastName61,32
Person62,LastName62,15
Person63,LastName63,11
Person64,LastName64,8
Person65,LastName65,3
Person66,LastName66,16
Person67,LastName67,13
Person68,LastName68,7
Person69,LastName69,9
Person70,LastName70,7
Person71,LastName71,20
Person72,LastName72,21
Person73,LastName73,29
Person74,LastName74,12
Person75,LastName75,21
Person76,LastName76,9
Person77,LastName77,21
Person78,LastName78,0
Person79,LastName79,23
Person80,LastName80,27
Person81,LastName81,27
Person82,LastName82,29
Person83,LastName83,26
Person84,LastName84,14
Person85,LastName85,3
Person86,LastName86,32
Person87,LastName87,24
Person88,LastName88,22
Person89,LastName89,18
Person90,LastName90,25
Person91,LastName91,33
Person92,LastName92,10
Person93,LastName93,26
Person94,LastName94,23
Person95,LastName95,23
Person96,LastName96,11
Person97,LastName97,29
Person98,LastName98,27
Person99,LastName99,9
Person100,LastName100,6
