Person1,LastName1,1994-09-04
Person2,LastName2,2007-06-03
Person3,LastName3,2023-11-21
Person4,LastName4,2009-12-02
Person5,LastName5,2005-02-23
Person6,LastName6,2023-04-17
Person7,LastName7,2003-04-02
Person8,LastName8,1993-09-30
Person9,LastName9,2010-03-29
Person10,LastName10,2007-01-31
Person11,LastName11,2020-11-01
Person12,LastName12,2017-07-17
Person13,LastName13,2006-10-10
Person14,LastName14,2009-02-07
Person15,LastName15,2023-03-21
Person16,LastName16,2020-07-16
Person17,LastName17,2003-01-24
Person18,LastName18,2017-09-04
Person19,LastName19,2006-05-27
Person20,LastName20,2013-03-27
Person21,LastName21,1997-10-04
Person22,LastName22,2017-07-13
Person23,LastName23,2013-01-11
Person24,LastName24,2014-09-10
Person25,LastName25,1992-06-03
Person26,LastName26,1996-08-05
Person27,LastName27,2011-05-22
Person28,LastName28,2012-02-15
Person29,LastName29,2003-08-09
Person30,LastName30,1990-01-04
Person31,LastName31,2018-12-05
Person32,LastName32,2006-04-08
Person33,LastName33,2007-09-24
Person34,LastName34,1995-12-06
Person35,LastName35,2002-03-21
Person36,LastName36,1990-09-08
Person37,LastName37,2001-05-16
Person38,LastName38,2007-07-13
Person39,LastName39,2014-11-11
Person40,LastName40,2008-11-05
Person41,LastName41,2006-03-16
Person42,LastName42,2017-09-28
Person43,LastName43,2019-05-06
Person44,LastName44,2015-07-17
Person45,LastName45,2014-03-16
Person46,LastName46,1993-02-04
Person47,LastName47,1991-06-17
Person48,LastName48,2008-12-09
Person49,LastName49,2010-09-02
Person50,LastName50,2005-03-14
Person51,LastName51,2011-06-28
Person52,LastName52,2008-07-25
Person53,LastName53,2023-11-22
Person54,LastName54,2000-08-10
Person55,LastName55,1994-04-14
Person56,LastName56,1992-04-24
Person57,LastName57,2005-06-17
Person58,LastName58,2005-10-30
Person59,LastName59,2010-10-08
Person60,LastName60,2002-08-06
Person61,LastName61,1991-09-14
Person62,LastName62,2008-09-22
Person63,LastName63,2012-10-01
Person64,LastName64,2015-11-12
Person65,LastName65,2020-10-28
Person66,LastName66,2007-09-20
Person67,LastName67,2010-04-24
Person68,LastName68,2016-09-23
Person69,LastName69,2014-02-19
Person70,LastName70,2016-09-05
Person71,LastName71,2003-06-14
Person72,LastName72,2002-03-04
Person73,LastName73,1994-11-03
Person74,LastName74,2011-11-06
Person75,LastName75,2002-05-22
Person76,LastName76,2014-07-18
Person77,LastName77,2002-10-30
Person78,LastName78,2023-07-28
Person79,LastName79,2000-03-25
Person80,LastName80,1996-05-05
Person81,LastName81,1996-03-19
Person82,LastName82,1994-05-08
Person83,LastName83,1997-09-04
Person84,LastName84,2009-02-10
Person85,LastName85,2020-04-05
Person86,LastName86,1991-02-28
Person87,LastName87,1999-11-22
Person88,LastName88,2001-04-18
Person89,LastName89,2005-12-23
Person90,LastName90,1998-12-06
Person91,LastName91,1990-09-08
Person92,LastName92,2013-03-20
Person93,LastName93,1997-07-13
Person94,LastName94,2000-08-11
Person95,LastName95,2000-10-05
Person96,LastName96,2012-02-16
Person97,LastName97,1994-06-24
Person98,LastName98,1996-04-01
Person99,LastName99,2014-12-10
Person100,LastName100,2017-08-19
